algorithm,file,acceptance_ratio,accepted,rejected,total_cost,avg_cost,total_delay,computing_time
GreedyFIFS,cogent_centers_easy_s1.json,0.8106,2028,474,560159.9,276.21,4861.94,17.796
BestFit,cogent_centers_easy_s1.json,0.7678,1921,581,608684.71,316.86,4520.71,17.781
DeadlineAwareGreedy,cogent_centers_easy_s1.json,0.793,1984,518,543806.65,274.1,4631.45,17.536
RandomFit,cogent_centers_easy_s1.json,0.7982,1997,505,605549.57,303.23,4810.54,19.288
ShortestPathFirst,cogent_centers_easy_s1.json,0.8529,2134,368,638350.24,299.13,5161.07,46.028
GreedyGLB,cogent_centers_easy_s1.json,0.8026,2008,494,610356.72,303.96,4803.65,20.517
GreedyFIFS,cogent_centers_easy_s2.json,0.7726,1960,577,424874.78,216.77,5773.88,20.761
BestFit,cogent_centers_easy_s2.json,0.732,1857,680,463041.97,249.35,5442.7,20.67
DeadlineAwareGreedy,cogent_centers_easy_s2.json,0.7674,1947,590,412514.15,211.87,5623.8,20.402
RandomFit,cogent_centers_easy_s2.json,0.7883,2000,537,491996.66,246.0,5857.52,23.099
ShortestPathFirst,cogent_centers_easy_s2.json,0.8222,2086,451,517235.57,247.96,6049.11,49.252
GreedyGLB,cogent_centers_easy_s2.json,0.8065,2046,491,502870.72,245.78,6032.32,23.065
GreedyFIFS,cogent_centers_easy_s3.json,0.6766,1711,818,529074.08,309.22,6052.79,24.237
BestFit,cogent_centers_easy_s3.json,0.6766,1711,818,548106.18,320.34,6004.44,23.509
DeadlineAwareGreedy,cogent_centers_easy_s3.json,0.6789,1717,812,503652.43,293.33,5832.04,23.585
RandomFit,cogent_centers_easy_s3.json,0.7367,1863,666,625802.44,335.91,6682.18,25.299
ShortestPathFirst,cogent_centers_easy_s3.json,0.7533,1905,624,632156.4,331.84,6699.12,48.498
GreedyGLB,cogent_centers_easy_s3.json,0.7778,1967,562,664959.29,338.06,7136.25,24.604
GreedyFIFS,cogent_centers_hard_s1.json,0.1229,300,2141,401564.93,1338.55,1828.7,8.586
BestFit,cogent_centers_hard_s1.json,0.118,288,2153,392653.87,1363.38,1754.29,9.294
DeadlineAwareGreedy,cogent_centers_hard_s1.json,0.1282,313,2128,412033.21,1316.4,1690.42,7.938
RandomFit,cogent_centers_hard_s1.json,0.127,310,2131,419210.18,1352.29,1887.27,8.092
ShortestPathFirst,cogent_centers_hard_s1.json,0.1303,318,2123,430035.5,1352.31,1923.56,21.025
GreedyGLB,cogent_centers_hard_s1.json,0.1241,303,2138,408034.58,1346.65,1843.6,8.817
GreedyFIFS,cogent_centers_hard_s2.json,0.1161,288,2192,351074.39,1219.01,2235.78,13.074
BestFit,cogent_centers_hard_s2.json,0.1149,285,2195,360240.43,1264.0,2281.01,13.138
DeadlineAwareGreedy,cogent_centers_hard_s2.json,0.1298,322,2158,320524.35,995.42,2006.12,12.348
RandomFit,cogent_centers_hard_s2.json,0.1129,280,2200,356391.02,1272.83,2205.44,13.528
ShortestPathFirst,cogent_centers_hard_s2.json,0.1294,321,2159,395329.32,1231.56,2441.07,25.362
GreedyGLB,cogent_centers_hard_s2.json,0.1173,291,2189,362121.49,1244.4,2265.06,14.465
GreedyFIFS,cogent_centers_hard_s3.json,0.1003,255,2287,311349.85,1220.98,2224.65,16.11
BestFit,cogent_centers_hard_s3.json,0.0928,236,2306,297198.36,1259.32,2048.2,16.165
DeadlineAwareGreedy,cogent_centers_hard_s3.json,0.1046,266,2276,246622.37,927.15,1775.91,14.25
RandomFit,cogent_centers_hard_s3.json,0.0842,214,2328,293621.47,1372.06,2014.07,16.949
ShortestPathFirst,cogent_centers_hard_s3.json,0.1078,274,2268,343146.26,1252.36,2370.04,23.919
GreedyGLB,cogent_centers_hard_s3.json,0.0999,254,2288,328121.94,1291.82,2243.89,16.191
GreedyFIFS,cogent_centers_normal_s1.json,0.496,1254,1274,685109.87,546.34,2967.97,14.417
BestFit,cogent_centers_normal_s1.json,0.479,1211,1317,696864.22,575.45,2843.25,13.754
DeadlineAwareGreedy,cogent_centers_normal_s1.json,0.5008,1266,1262,685886.12,541.77,2819.67,14.202
RandomFit,cogent_centers_normal_s1.json,0.4941,1249,1279,743570.91,595.33,2927.8,14.398
ShortestPathFirst,cogent_centers_normal_s1.json,0.54,1365,1163,815910.52,597.74,3119.0,33.385
GreedyGLB,cogent_centers_normal_s1.json,0.5016,1268,1260,753283.87,594.07,3011.72,15.704
GreedyFIFS,cogent_centers_normal_s2.json,0.4689,1153,1306,750223.57,650.67,3284.97,14.65
BestFit,cogent_centers_normal_s2.json,0.4278,1052,1407,704385.16,669.57,2945.97,14.617
DeadlineAwareGreedy,cogent_centers_normal_s2.json,0.486,1195,1264,704721.93,589.73,3171.02,14.535
RandomFit,cogent_centers_normal_s2.json,0.4603,1132,1327,766438.09,677.07,3226.72,15.46
ShortestPathFirst,cogent_centers_normal_s2.json,0.4925,1211,1248,812727.82,671.12,3355.01,35.181
GreedyGLB,cogent_centers_normal_s2.json,0.4734,1164,1295,785341.29,674.69,3318.99,15.787
GreedyFIFS,cogent_centers_normal_s3.json,0.4073,1013,1474,572380.14,565.03,3253.55,16.804
BestFit,cogent_centers_normal_s3.json,0.4093,1018,1469,592140.41,581.67,3257.11,16.357
DeadlineAwareGreedy,cogent_centers_normal_s3.json,0.4117,1024,1463,506661.54,494.79,2997.57,16.69
RandomFit,cogent_centers_normal_s3.json,0.4326,1076,1411,663807.07,616.92,3551.88,19.056
ShortestPathFirst,cogent_centers_normal_s3.json,0.4628,1151,1336,697554.22,606.04,3667.23,35.063
GreedyGLB,cogent_centers_normal_s3.json,0.456,1134,1353,716576.01,631.9,3777.86,18.228
GreedyFIFS,cogent_rural_easy_s1.json,0.8239,2054,439,1804370.72,878.47,5520.49,26.134
BestFit,cogent_rural_easy_s1.json,0.8127,2026,467,2061335.61,1017.44,5359.27,24.815
DeadlineAwareGreedy,cogent_rural_easy_s1.json,0.7958,1984,509,1712647.56,863.23,5146.54,24.637
RandomFit,cogent_rural_easy_s1.json,0.8143,2030,463,2036119.74,1003.01,5425.74,27.212
ShortestPathFirst,cogent_rural_easy_s1.json,0.8387,2091,402,2127286.46,1017.35,5576.26,49.518
GreedyGLB,cogent_rural_easy_s1.json,0.8307,2071,422,2075400.09,1002.12,5587.43,30.587
GreedyFIFS,cogent_rural_easy_s2.json,0.7432,1884,651,1619425.76,859.57,6467.45,29.92
BestFit,cogent_rural_easy_s2.json,0.6892,1747,788,1557584.31,891.58,5904.53,28.702
DeadlineAwareGreedy,cogent_rural_easy_s2.json,0.7223,1831,704,1523047.27,831.81,5952.54,27.46
RandomFit,cogent_rural_easy_s2.json,0.7846,1989,546,1870016.49,940.18,6823.74,31.863
ShortestPathFirst,cogent_rural_easy_s2.json,0.712,1805,730,1591386.37,881.65,6056.29,54.259
GreedyGLB,cogent_rural_easy_s2.json,0.7957,2017,518,1874993.53,929.6,6914.24,34.355
GreedyFIFS,cogent_rural_easy_s3.json,0.6798,1726,813,1290979.66,747.96,6899.81,32.792
BestFit,cogent_rural_easy_s3.json,0.6097,1548,991,1221084.42,788.81,6043.71,31.783
DeadlineAwareGreedy,cogent_rural_easy_s3.json,0.7046,1789,750,1331654.17,744.36,7021.25,31.121
RandomFit,cogent_rural_easy_s3.json,0.8113,2060,479,1834142.28,890.36,8646.7,41.094
ShortestPathFirst,cogent_rural_easy_s3.json,0.6826,1733,806,1382430.02,797.71,6823.15,55.898
GreedyGLB,cogent_rural_easy_s3.json,0.833,2115,424,1872069.63,885.14,8803.63,41.446
GreedyFIFS,cogent_rural_hard_s1.json,0.1002,254,2281,1164367.15,4584.12,1593.06,11.427
BestFit,cogent_rural_hard_s1.json,0.099,251,2284,1163046.02,4633.65,1603.4,11.351
DeadlineAwareGreedy,cogent_rural_hard_s1.json,0.0947,240,2295,1087104.91,4529.6,1300.3,10.631
RandomFit,cogent_rural_hard_s1.json,0.0982,249,2286,1184170.42,4755.7,1584.32,10.887
ShortestPathFirst,cogent_rural_hard_s1.json,0.1022,259,2276,1212766.87,4682.5,1596.03,21.288
GreedyGLB,cogent_rural_hard_s1.json,0.101,256,2279,1199766.99,4686.59,1625.2,11.045
GreedyFIFS,cogent_rural_hard_s2.json,0.0796,198,2290,799855.65,4039.68,1579.53,14.846
BestFit,cogent_rural_hard_s2.json,0.0856,213,2275,851413.26,3997.25,1596.02,15.549
DeadlineAwareGreedy,cogent_rural_hard_s2.json,0.0973,242,2246,773612.18,3196.74,1476.12,14.245
RandomFit,cogent_rural_hard_s2.json,0.0784,195,2293,868709.42,4454.92,1618.32,15.384
ShortestPathFirst,cogent_rural_hard_s2.json,0.0872,217,2271,875139.76,4032.9,1658.65,27.783
GreedyGLB,cogent_rural_hard_s2.json,0.0892,222,2266,887748.19,3998.87,1722.16,17.847
GreedyFIFS,cogent_rural_hard_s3.json,0.0797,191,2206,621676.05,3254.85,1626.07,17.823
BestFit,cogent_rural_hard_s3.json,0.088,211,2186,640125.78,3033.77,1614.04,18.692
DeadlineAwareGreedy,cogent_rural_hard_s3.json,0.0914,219,2178,565905.62,2584.04,1472.35,14.838
RandomFit,cogent_rural_hard_s3.json,0.073,175,2222,701253.63,4007.16,1670.75,20.055
ShortestPathFirst,cogent_rural_hard_s3.json,0.0901,216,2181,703502.37,3256.96,1732.6,26.125
GreedyGLB,cogent_rural_hard_s3.json,0.0834,200,2197,716435.67,3582.18,1738.39,19.013
GreedyFIFS,cogent_rural_normal_s1.json,0.5213,1320,1212,1683255.81,1275.19,3437.73,18.813
BestFit,cogent_rural_normal_s1.json,0.4941,1251,1281,1765887.36,1411.58,3193.3,18.195
DeadlineAwareGreedy,cogent_rural_normal_s1.json,0.5209,1319,1213,1661670.28,1259.8,3207.37,18.189
RandomFit,cogent_rural_normal_s1.json,0.5304,1343,1189,1904051.86,1417.76,3452.83,20.333
ShortestPathFirst,cogent_rural_normal_s1.json,0.5517,1397,1135,1956929.93,1400.81,3588.15,37.714
GreedyGLB,cogent_rural_normal_s1.json,0.5316,1346,1186,1912353.63,1420.77,3504.65,25.127
GreedyFIFS,cogent_rural_normal_s2.json,0.3845,1009,1615,1409157.67,1396.59,3196.82,21.615
BestFit,cogent_rural_normal_s2.json,0.3994,1048,1576,1526943.81,1457.01,3218.43,22.479
DeadlineAwareGreedy,cogent_rural_normal_s2.json,0.388,1018,1606,1331578.65,1308.03,2911.98,19.266
RandomFit,cogent_rural_normal_s2.json,0.4478,1175,1449,1865184.32,1587.39,3729.33,24.334
ShortestPathFirst,cogent_rural_normal_s2.json,0.4181,1097,1527,1609673.83,1467.34,3340.43,41.374
GreedyGLB,cogent_rural_normal_s2.json,0.4375,1148,1476,1760510.7,1533.55,3657.73,26.322
GreedyFIFS,cogent_rural_normal_s3.json,0.381,943,1532,1487042.04,1576.93,3561.82,25.941
BestFit,cogent_rural_normal_s3.json,0.3345,828,1647,1350591.83,1631.15,3050.58,25.336
DeadlineAwareGreedy,cogent_rural_normal_s3.json,0.3826,947,1528,1334315.96,1408.99,3203.02,22.706
RandomFit,cogent_rural_normal_s3.json,0.3972,983,1492,1818372.13,1849.82,3859.72,27.072
ShortestPathFirst,cogent_rural_normal_s3.json,0.3701,916,1559,1530373.36,1670.71,3350.09,41.664
GreedyGLB,cogent_rural_normal_s3.json,0.3972,983,1492,1738184.4,1768.24,3723.13,29.015
GreedyFIFS,cogent_uniform_easy_s1.json,0.8052,2038,493,1712071.86,840.07,5114.92,22.577
BestFit,cogent_uniform_easy_s1.json,0.8064,2041,490,1893000.15,927.49,5162.61,23.414
DeadlineAwareGreedy,cogent_uniform_easy_s1.json,0.7973,2018,513,1672999.12,829.04,4915.71,22.152
RandomFit,cogent_uniform_easy_s1.json,0.8171,2068,463,1951232.02,943.54,5225.61,25.206
ShortestPathFirst,cogent_uniform_easy_s1.json,0.9064,2294,237,2211767.15,964.15,5865.5,49.848
GreedyGLB,cogent_uniform_easy_s1.json,0.8115,2054,477,1938560.68,943.8,5152.74,27.294
GreedyFIFS,cogent_uniform_easy_s2.json,0.7554,1902,616,1580563.93,831.0,6027.24,28.669
BestFit,cogent_uniform_easy_s2.json,0.6958,1752,766,1531689.47,874.25,5501.46,27.42
DeadlineAwareGreedy,cogent_uniform_easy_s2.json,0.7431,1871,647,1511798.98,808.02,5735.7,26.58
RandomFit,cogent_uniform_easy_s2.json,0.8018,2019,499,1908288.0,945.16,6387.15,32.264
ShortestPathFirst,cogent_uniform_easy_s2.json,0.7907,1991,527,1793756.3,900.93,6356.52,53.204
GreedyGLB,cogent_uniform_easy_s2.json,0.8245,2076,442,1961688.2,944.94,6648.39,32.809
GreedyFIFS,cogent_uniform_easy_s3.json,0.6555,1648,866,1445387.07,877.06,6275.67,32.204
BestFit,cogent_uniform_easy_s3.json,0.5943,1494,1020,1338017.69,895.59,5509.57,30.469
DeadlineAwareGreedy,cogent_uniform_easy_s3.json,0.7049,1772,742,1576749.69,889.81,6596.21,30.773
RandomFit,cogent_uniform_easy_s3.json,0.7816,1965,549,2063294.83,1050.02,7788.34,38.386
ShortestPathFirst,cogent_uniform_easy_s3.json,0.7578,1905,609,1868027.85,980.59,7365.63,58.851
GreedyGLB,cogent_uniform_easy_s3.json,0.7916,1990,524,2038923.05,1024.58,7826.68,38.533
GreedyFIFS,cogent_uniform_hard_s1.json,0.1042,271,2331,1099297.13,4056.45,1672.88,8.491
BestFit,cogent_uniform_hard_s1.json,0.1049,273,2329,1156523.8,4236.35,1664.41,8.085
DeadlineAwareGreedy,cogent_uniform_hard_s1.json,0.1099,286,2316,1215782.45,4250.99,1546.56,8.366
RandomFit,cogent_uniform_hard_s1.json,0.1038,270,2332,1115667.38,4132.1,1656.91,8.816
ShortestPathFirst,cogent_uniform_hard_s1.json,0.1072,279,2323,1147432.22,4112.66,1715.52,23.883
GreedyGLB,cogent_uniform_hard_s1.json,0.1038,270,2332,1126301.12,4171.49,1654.32,8.871
GreedyFIFS,cogent_uniform_hard_s2.json,0.0937,238,2301,952313.07,4001.32,1785.56,14.756
BestFit,cogent_uniform_hard_s2.json,0.102,259,2280,1047902.88,4045.96,1955.45,15.229
DeadlineAwareGreedy,cogent_uniform_hard_s2.json,0.1063,270,2269,876815.95,3247.47,1634.95,13.572
RandomFit,cogent_uniform_hard_s2.json,0.0981,249,2290,1028650.07,4131.12,1900.66,14.333
ShortestPathFirst,cogent_uniform_hard_s2.json,0.1075,273,2266,1047733.7,3837.85,1991.47,23.541
GreedyGLB,cogent_uniform_hard_s2.json,0.1056,268,2271,1023037.72,3817.3,1945.68,16.671
GreedyFIFS,cogent_uniform_hard_s3.json,0.087,222,2331,638546.25,2876.33,1851.79,20.576
BestFit,cogent_uniform_hard_s3.json,0.087,222,2331,671605.11,3025.25,1785.43,20.783
DeadlineAwareGreedy,cogent_uniform_hard_s3.json,0.0975,249,2304,611657.58,2456.46,1732.88,17.615
RandomFit,cogent_uniform_hard_s3.json,0.0858,219,2334,747584.66,3413.63,2004.5,21.197
ShortestPathFirst,cogent_uniform_hard_s3.json,0.0979,250,2303,756813.15,3027.25,2028.29,29.783
GreedyGLB,cogent_uniform_hard_s3.json,0.0948,242,2311,756551.09,3126.24,2031.57,24.417
GreedyFIFS,cogent_uniform_normal_s1.json,0.4638,1174,1357,1421337.99,1210.68,2914.26,16.891
BestFit,cogent_uniform_normal_s1.json,0.4895,1239,1292,1742656.26,1406.5,3054.05,16.948
DeadlineAwareGreedy,cogent_uniform_normal_s1.json,0.4615,1168,1363,1419003.92,1214.9,2728.81,16.58
RandomFit,cogent_uniform_normal_s1.json,0.5034,1274,1257,1759738.12,1381.27,3151.9,18.585
ShortestPathFirst,cogent_uniform_normal_s1.json,0.5903,1494,1037,2081211.43,1393.05,3702.59,35.637
GreedyGLB,cogent_uniform_normal_s1.json,0.4943,1251,1280,1717481.25,1372.89,3107.55,20.626
GreedyFIFS,cogent_uniform_normal_s2.json,0.4271,1066,1430,1702722.09,1597.3,3271.43,21.606
BestFit,cogent_uniform_normal_s2.json,0.4339,1083,1413,1868497.83,1725.3,3325.81,21.664
DeadlineAwareGreedy,cogent_uniform_normal_s2.json,0.4299,1073,1423,1587700.06,1479.68,3038.12,20.189
RandomFit,cogent_uniform_normal_s2.json,0.4643,1159,1337,2120851.7,1829.9,3608.49,23.21
ShortestPathFirst,cogent_uniform_normal_s2.json,0.5256,1312,1184,2270415.91,1730.5,4032.42,39.837
GreedyGLB,cogent_uniform_normal_s2.json,0.4752,1186,1310,2128508.59,1794.7,3670.97,23.829
GreedyFIFS,cogent_uniform_normal_s3.json,0.3986,1052,1587,1348320.11,1281.67,3777.97,26.944
BestFit,cogent_uniform_normal_s3.json,0.3714,980,1659,1310191.6,1336.93,3406.12,26.701
DeadlineAwareGreedy,cogent_uniform_normal_s3.json,0.3914,1033,1606,1233607.88,1194.2,3406.16,23.672
RandomFit,cogent_uniform_normal_s3.json,0.4225,1115,1524,1743549.08,1563.72,4132.22,28.293
ShortestPathFirst,cogent_uniform_normal_s3.json,0.471,1243,1396,1730586.91,1392.27,4381.26,47.351
GreedyGLB,cogent_uniform_normal_s3.json,0.4362,1151,1488,1710991.27,1486.53,4109.99,29.145
GreedyFIFS,cogent_urban_easy_s1.json,0.7759,1953,564,1500248.16,768.18,4935.43,22.067
BestFit,cogent_urban_easy_s1.json,0.7815,1967,550,1659890.84,843.87,4974.83,22.544
DeadlineAwareGreedy,cogent_urban_easy_s1.json,0.7878,1983,534,1516509.45,764.76,4816.86,21.575
RandomFit,cogent_urban_easy_s1.json,0.7994,2012,505,1706022.25,847.92,5086.08,24.67
ShortestPathFirst,cogent_urban_easy_s1.json,0.907,2283,234,1932114.71,846.31,5895.93,50.794
GreedyGLB,cogent_urban_easy_s1.json,0.7906,1990,527,1694241.48,851.38,5052.94,27.003
GreedyFIFS,cogent_urban_easy_s2.json,0.756,1967,635,1517233.83,771.34,6182.47,27.417
BestFit,cogent_urban_easy_s2.json,0.7102,1848,754,1511176.02,817.74,5781.94,27.188
DeadlineAwareGreedy,cogent_urban_easy_s2.json,0.7498,1951,651,1446602.84,741.47,5925.01,25.243
RandomFit,cogent_urban_easy_s2.json,0.7898,2055,547,1824147.87,887.66,6537.69,32.112
ShortestPathFirst,cogent_urban_easy_s2.json,0.8659,2253,349,1941919.41,861.93,7206.45,55.411
GreedyGLB,cogent_urban_easy_s2.json,0.8263,2150,452,1930842.25,898.07,6880.8,33.297
GreedyFIFS,cogent_urban_easy_s3.json,0.6601,1639,844,1261576.35,769.72,6015.53,29.996
BestFit,cogent_urban_easy_s3.json,0.5912,1468,1015,1186256.28,808.08,5268.65,28.13
DeadlineAwareGreedy,cogent_urban_easy_s3.json,0.6512,1617,866,1191816.24,737.05,5643.38,27.504
RandomFit,cogent_urban_easy_s3.json,0.77,1912,571,1793821.09,938.19,7281.82,36.772
ShortestPathFirst,cogent_urban_easy_s3.json,0.7708,1914,569,1674044.17,874.63,7171.13,55.766
GreedyGLB,cogent_urban_easy_s3.json,0.8119,2016,467,1891548.62,938.27,7691.08,35.999
GreedyFIFS,cogent_urban_hard_s1.json,0.1196,298,2193,1296150.42,4349.5,1815.68,10.429
BestFit,cogent_urban_hard_s1.json,0.1208,301,2190,1343263.9,4462.67,1865.08,9.89
DeadlineAwareGreedy,cogent_urban_hard_s1.json,0.1281,319,2172,1383385.72,4336.63,1708.27,9.742
RandomFit,cogent_urban_hard_s1.json,0.1232,307,2184,1352103.06,4404.24,1877.11,10.001
ShortestPathFirst,cogent_urban_hard_s1.json,0.1285,320,2171,1390942.71,4346.7,1959.3,20.105
GreedyGLB,cogent_urban_hard_s1.json,0.1208,301,2190,1323505.02,4397.03,1819.29,9.404
GreedyFIFS,cogent_urban_hard_s2.json,0.1104,272,2192,976688.05,3590.76,2053.51,15.039
BestFit,cogent_urban_hard_s2.json,0.1116,275,2189,990440.44,3601.6,2098.33,16.348
DeadlineAwareGreedy,cogent_urban_hard_s2.json,0.1295,319,2145,960634.57,3011.39,1970.33,13.426
RandomFit,cogent_urban_hard_s2.json,0.108,266,2198,1009001.04,3793.24,2071.65,13.657
ShortestPathFirst,cogent_urban_hard_s2.json,0.1242,306,2158,1073313.52,3507.56,2286.96,24.478
GreedyGLB,cogent_urban_hard_s2.json,0.1213,299,2165,1005256.53,3362.06,2140.25,16.736
GreedyFIFS,cogent_urban_hard_s3.json,0.1007,251,2242,789710.36,3146.26,2081.12,19.691
BestFit,cogent_urban_hard_s3.json,0.0995,248,2245,824965.64,3326.47,2090.5,21.366
DeadlineAwareGreedy,cogent_urban_hard_s3.json,0.1071,267,2226,688507.12,2578.68,1843.16,17.816
RandomFit,cogent_urban_hard_s3.json,0.0903,225,2268,841596.73,3740.43,2092.32,22.638
ShortestPathFirst,cogent_urban_hard_s3.json,0.126,314,2179,998773.9,3180.81,2531.16,28.31
GreedyGLB,cogent_urban_hard_s3.json,0.1027,256,2237,906095.09,3539.43,2244.59,21.89
GreedyFIFS,cogent_urban_normal_s1.json,0.5281,1324,1183,1672199.6,1262.99,3168.46,16.321
BestFit,cogent_urban_normal_s1.json,0.5429,1361,1146,1990330.12,1462.4,3312.72,17.35
DeadlineAwareGreedy,cogent_urban_normal_s1.json,0.5337,1338,1169,1681654.87,1256.84,3058.1,16.461
RandomFit,cogent_urban_normal_s1.json,0.5485,1375,1132,1983247.04,1442.36,3356.06,17.974
ShortestPathFirst,cogent_urban_normal_s1.json,0.6546,1641,866,2358601.13,1437.3,4046.32,36.247
GreedyGLB,cogent_urban_normal_s1.json,0.5477,1373,1134,1980098.47,1442.17,3351.93,20.57
GreedyFIFS,cogent_urban_normal_s2.json,0.4353,1101,1428,1482314.33,1346.33,3288.12,20.14
BestFit,cogent_urban_normal_s2.json,0.4365,1104,1425,1605452.03,1454.21,3270.07,20.679
DeadlineAwareGreedy,cogent_urban_normal_s2.json,0.4338,1097,1432,1397792.88,1274.2,3023.82,18.816
RandomFit,cogent_urban_normal_s2.json,0.4567,1155,1374,1783184.93,1543.88,3497.67,22.425
ShortestPathFirst,cogent_urban_normal_s2.json,0.5314,1344,1185,1954797.49,1454.46,4024.42,39.287
GreedyGLB,cogent_urban_normal_s2.json,0.48,1214,1315,1841061.94,1516.53,3650.17,23.242
GreedyFIFS,cogent_urban_normal_s3.json,0.3998,996,1495,1499033.75,1505.05,3362.79,24.602
BestFit,cogent_urban_normal_s3.json,0.3605,898,1593,1328907.11,1479.85,2960.47,24.349
DeadlineAwareGreedy,cogent_urban_normal_s3.json,0.4075,1015,1476,1384961.53,1364.49,3129.61,21.473
RandomFit,cogent_urban_normal_s3.json,0.4187,1043,1448,1823761.39,1748.57,3627.11,25.252
ShortestPathFirst,cogent_urban_normal_s3.json,0.4697,1170,1321,1825922.55,1560.62,3945.03,43.306
GreedyGLB,cogent_urban_normal_s3.json,0.4295,1070,1421,1766412.0,1650.85,3616.84,26.04
GreedyFIFS,conus_centers_easy_s1.json,0.8527,2154,372,343839.78,159.63,5911.67,15.736
BestFit,conus_centers_easy_s1.json,0.8539,2157,369,379533.27,175.95,5921.74,16.333
DeadlineAwareGreedy,conus_centers_easy_s1.json,0.8424,2128,398,336580.29,158.17,5699.63,15.336
RandomFit,conus_centers_easy_s1.json,0.8543,2158,368,373724.65,173.18,5918.83,16.467
ShortestPathFirst,conus_centers_easy_s1.json,0.8571,2165,361,376969.43,174.12,5969.64,33.26
GreedyGLB,conus_centers_easy_s1.json,0.8547,2159,367,373508.39,173.0,5941.44,17.083
GreedyFIFS,conus_centers_easy_s2.json,0.7843,1942,534,339224.35,174.68,6579.74,18.255
BestFit,conus_centers_easy_s2.json,0.8045,1992,484,371829.28,186.66,6736.4,17.659
DeadlineAwareGreedy,conus_centers_easy_s2.json,0.788,1951,525,331979.97,170.16,6399.38,17.299
RandomFit,conus_centers_easy_s2.json,0.8098,2005,471,388132.69,193.58,6854.22,18.986
ShortestPathFirst,conus_centers_easy_s2.json,0.8364,2071,405,393260.2,189.89,7022.42,34.36
GreedyGLB,conus_centers_easy_s2.json,0.832,2060,416,405485.18,196.84,7041.23,19.189
GreedyFIFS,conus_centers_easy_s3.json,0.7793,1963,556,364487.25,185.68,7847.98,19.121
BestFit,conus_centers_easy_s3.json,0.7396,1863,656,348912.22,187.29,7371.8,19.727
DeadlineAwareGreedy,conus_centers_easy_s3.json,0.7543,1900,619,333130.8,175.33,7294.47,18.551
RandomFit,conus_centers_easy_s3.json,0.7888,1987,532,393689.06,198.13,7903.97,21.252
ShortestPathFirst,conus_centers_easy_s3.json,0.8091,2038,481,404189.81,198.33,8094.46,35.687
GreedyGLB,conus_centers_easy_s3.json,0.8321,2096,423,421223.51,200.97,8429.61,20.608
GreedyFIFS,conus_centers_hard_s1.json,0.1405,352,2154,370067.41,1051.33,2199.66,7.327
BestFit,conus_centers_hard_s1.json,0.1313,329,2177,353965.36,1075.88,2056.27,6.905
DeadlineAwareGreedy,conus_centers_hard_s1.json,0.1449,363,2143,378042.12,1041.44,2024.22,7.829
RandomFit,conus_centers_hard_s1.json,0.1361,341,2165,363058.88,1064.69,2139.2,7.384
ShortestPathFirst,conus_centers_hard_s1.json,0.1381,346,2160,367804.69,1063.02,2151.79,20.009
GreedyGLB,conus_centers_hard_s1.json,0.1377,345,2161,360522.79,1044.99,2190.68,7.666
GreedyFIFS,conus_centers_hard_s2.json,0.1111,286,2289,210297.89,735.31,2249.69,10.911
BestFit,conus_centers_hard_s2.json,0.1146,295,2280,213369.09,723.29,2284.02,11.281
DeadlineAwareGreedy,conus_centers_hard_s2.json,0.1188,306,2269,177436.31,579.86,1946.41,12.061
RandomFit,conus_centers_hard_s2.json,0.1045,269,2306,208080.96,773.54,2209.77,9.594
ShortestPathFirst,conus_centers_hard_s2.json,0.1087,280,2295,212649.95,759.46,2224.57,21.663
GreedyGLB,conus_centers_hard_s2.json,0.1091,281,2294,212091.65,754.77,2231.07,10.494
GreedyFIFS,conus_centers_hard_s3.json,0.093,238,2321,204867.33,860.79,2393.65,13.904
BestFit,conus_centers_hard_s3.json,0.1008,258,2301,223895.09,867.81,2575.51,15.595
DeadlineAwareGreedy,conus_centers_hard_s3.json,0.1079,276,2283,145270.31,526.34,1914.74,12.588
RandomFit,conus_centers_hard_s3.json,0.0926,237,2322,215121.03,907.68,2469.27,13.662
ShortestPathFirst,conus_centers_hard_s3.json,0.109,279,2280,235134.68,842.78,2678.02,22.379
GreedyGLB,conus_centers_hard_s3.json,0.1012,259,2300,225281.35,869.81,2607.11,15.241
GreedyFIFS,conus_centers_normal_s1.json,0.5375,1339,1152,524747.28,391.89,3595.76,13.017
BestFit,conus_centers_normal_s1.json,0.5472,1363,1128,563629.65,413.52,3714.83,13.443
DeadlineAwareGreedy,conus_centers_normal_s1.json,0.544,1355,1136,525959.96,388.16,3449.46,13.2
RandomFit,conus_centers_normal_s1.json,0.5476,1364,1127,558489.51,409.45,3697.94,13.367
ShortestPathFirst,conus_centers_normal_s1.json,0.5733,1428,1063,580963.1,406.84,3864.11,27.199
GreedyGLB,conus_centers_normal_s1.json,0.544,1355,1136,559583.11,412.98,3655.13,14.407
GreedyFIFS,conus_centers_normal_s2.json,0.4699,1196,1349,441108.78,368.82,3862.41,14.29
BestFit,conus_centers_normal_s2.json,0.4648,1183,1362,487938.33,412.46,3788.8,13.908
DeadlineAwareGreedy,conus_centers_normal_s2.json,0.4739,1206,1339,402644.51,333.87,3589.7,13.671
RandomFit,conus_centers_normal_s2.json,0.4723,1202,1343,492519.85,409.75,3920.55,14.855
ShortestPathFirst,conus_centers_normal_s2.json,0.4994,1271,1274,491664.03,386.83,4073.85,28.931
GreedyGLB,conus_centers_normal_s2.json,0.4817,1226,1319,505237.45,412.1,3995.68,15.178
GreedyFIFS,conus_centers_normal_s3.json,0.4366,1084,1399,425692.87,392.71,3990.44,15.887
BestFit,conus_centers_normal_s3.json,0.441,1095,1388,454512.64,415.08,4047.87,15.887
DeadlineAwareGreedy,conus_centers_normal_s3.json,0.4337,1077,1406,357691.94,332.12,3507.62,14.783
RandomFit,conus_centers_normal_s3.json,0.4402,1093,1390,467877.26,428.07,4077.91,16.193
ShortestPathFirst,conus_centers_normal_s3.json,0.4615,1146,1337,475330.94,414.77,4244.11,28.691
GreedyGLB,conus_centers_normal_s3.json,0.4652,1155,1328,500182.3,433.06,4330.41,16.258
GreedyFIFS,conus_rural_easy_s1.json,1.0,300,0,15347.81,51.16,3577.0,79.99
BestFit,conus_rural_easy_s1.json,1.0,300,0,19438.85,64.8,3577.0,46.739
DeadlineAwareGreedy,conus_rural_easy_s1.json,1.0,300,0,15347.81,51.16,3577.0,79.046
RandomFit,conus_rural_easy_s1.json,1.0,300,0,22930.1,76.43,3577.0,96.059
ShortestPathFirst,conus_rural_easy_s1.json,1.0,300,0,22695.48,75.65,3577.0,15.756
GreedyGLB,conus_rural_easy_s1.json,1.0,300,0,22720.55,75.74,3577.0,45.372
GreedyFIFS,conus_rural_easy_s2.json,1.0,300,0,11724.14,39.08,3539.0,71.616
BestFit,conus_rural_easy_s2.json,1.0,300,0,18317.91,61.06,3539.0,53.745
DeadlineAwareGreedy,conus_rural_easy_s2.json,1.0,300,0,11724.14,39.08,3539.0,72.851
RandomFit,conus_rural_easy_s2.json,1.0,300,0,16997.19,56.66,3539.0,100.602
ShortestPathFirst,conus_rural_easy_s2.json,1.0,300,0,17306.26,57.69,3539.0,17.918
GreedyGLB,conus_rural_easy_s2.json,1.0,300,0,15920.1,53.07,3539.0,60.819
GreedyFIFS,conus_rural_easy_s3.json,0.9833,295,5,11003.44,37.3,3467.0,44.771
BestFit,conus_rural_easy_s3.json,0.9833,295,5,19243.15,65.23,3467.0,47.517
DeadlineAwareGreedy,conus_rural_easy_s3.json,0.9833,295,5,11003.44,37.3,3467.0,45.001
RandomFit,conus_rural_easy_s3.json,1.0,300,0,17798.94,59.33,3534.0,99.658
ShortestPathFirst,conus_rural_easy_s3.json,1.0,300,0,17853.81,59.51,3534.0,16.159
GreedyGLB,conus_rural_easy_s3.json,1.0,300,0,18610.58,62.04,3534.0,45.826
GreedyFIFS,conus_rural_hard_s1.json,0.1168,289,2186,953461.45,3299.17,1782.27,8.432
BestFit,conus_rural_hard_s1.json,0.1164,288,2187,949715.23,3297.62,1768.22,7.287
DeadlineAwareGreedy,conus_rural_hard_s1.json,0.1281,317,2158,1032723.44,3257.8,1682.63,7.578
RandomFit,conus_rural_hard_s1.json,0.1188,294,2181,972970.28,3309.42,1834.76,7.671
ShortestPathFirst,conus_rural_hard_s1.json,0.1184,293,2182,970555.19,3312.48,1814.25,20.571
GreedyGLB,conus_rural_hard_s1.json,0.1143,283,2192,933544.87,3298.75,1749.19,7.52
GreedyFIFS,conus_rural_hard_s2.json,0.1076,276,2289,810893.09,2938.02,2094.71,12.766
BestFit,conus_rural_hard_s2.json,0.1123,288,2277,831827.74,2888.29,2130.86,14.059
DeadlineAwareGreedy,conus_rural_hard_s2.json,0.1173,301,2264,708588.47,2354.11,1795.35,13.406
RandomFit,conus_rural_hard_s2.json,0.1021,262,2303,798829.28,3048.97,2043.36,12.613
ShortestPathFirst,conus_rural_hard_s2.json,0.1177,302,2263,865246.46,2865.05,2170.2,23.933
GreedyGLB,conus_rural_hard_s2.json,0.1142,293,2272,815801.69,2784.31,2137.73,16.441
GreedyFIFS,conus_rural_hard_s3.json,0.1043,259,2225,608053.22,2347.7,2219.67,18.913
BestFit,conus_rural_hard_s3.json,0.1067,265,2219,641694.42,2421.49,2235.09,20.415
DeadlineAwareGreedy,conus_rural_hard_s3.json,0.1196,297,2187,530151.95,1785.02,1936.67,15.25
RandomFit,conus_rural_hard_s3.json,0.093,231,2253,616641.19,2669.44,2150.43,18.981
ShortestPathFirst,conus_rural_hard_s3.json,0.1228,305,2179,718489.84,2355.7,2532.01,26.964
GreedyGLB,conus_rural_hard_s3.json,0.1123,279,2205,687799.8,2465.23,2393.85,21.588
GreedyFIFS,conus_rural_normal_s1.json,0.5207,1309,1205,1547608.18,1182.28,3393.1,17.376
BestFit,conus_rural_normal_s1.json,0.5048,1269,1245,1652772.8,1302.42,3248.68,16.949
DeadlineAwareGreedy,conus_rural_normal_s1.json,0.5159,1297,1217,1503335.34,1159.09,3043.36,16.365
RandomFit,conus_rural_normal_s1.json,0.5155,1296,1218,1662475.98,1282.77,3331.59,17.928
ShortestPathFirst,conus_rural_normal_s1.json,0.5788,1455,1059,1847872.3,1270.02,3647.2,30.418
GreedyGLB,conus_rural_normal_s1.json,0.5247,1319,1195,1691817.6,1282.65,3410.42,19.562
GreedyFIFS,conus_rural_normal_s2.json,0.4635,1143,1323,1451515.9,1269.92,3575.36,19.581
BestFit,conus_rural_normal_s2.json,0.4745,1170,1296,1559786.26,1333.15,3601.84,20.023
DeadlineAwareGreedy,conus_rural_normal_s2.json,0.4878,1203,1263,1400386.4,1164.08,3395.51,18.0
RandomFit,conus_rural_normal_s2.json,0.4793,1182,1284,1646065.54,1392.61,3705.03,20.816
ShortestPathFirst,conus_rural_normal_s2.json,0.5373,1325,1141,1759433.05,1327.87,4044.7,32.747
GreedyGLB,conus_rural_normal_s2.json,0.4964,1224,1242,1713260.42,1399.72,3831.61,21.609
GreedyFIFS,conus_rural_normal_s3.json,0.4348,1080,1404,1208699.82,1119.17,3998.08,25.687
BestFit,conus_rural_normal_s3.json,0.4368,1085,1399,1268359.08,1168.99,3964.82,24.301
DeadlineAwareGreedy,conus_rural_normal_s3.json,0.4533,1126,1358,1160196.38,1030.37,3826.55,21.896
RandomFit,conus_rural_normal_s3.json,0.4646,1154,1330,1505240.75,1304.37,4367.99,24.953
ShortestPathFirst,conus_rural_normal_s3.json,0.4948,1229,1255,1458733.15,1186.93,4520.45,36.966
GreedyGLB,conus_rural_normal_s3.json,0.4855,1206,1278,1486300.23,1232.42,4439.48,25.675
GreedyFIFS,conus_uniform_easy_s1.json,0.8257,2179,460,1133488.67,520.19,5785.56,20.255
BestFit,conus_uniform_easy_s1.json,0.8246,2176,463,1284401.54,590.26,5784.97,20.215
DeadlineAwareGreedy,conus_uniform_easy_s1.json,0.8211,2167,472,1112593.73,513.43,5549.94,19.568
RandomFit,conus_uniform_easy_s1.json,0.8336,2200,439,1281976.51,582.72,5911.63,22.143
ShortestPathFirst,conus_uniform_easy_s1.json,0.9443,2492,147,1467744.3,588.98,6856.45,37.745
GreedyGLB,conus_uniform_easy_s1.json,0.8295,2189,450,1285870.24,587.42,5851.88,23.696
GreedyFIFS,conus_uniform_easy_s2.json,0.7869,1983,537,1170151.21,590.09,6707.87,22.274
BestFit,conus_uniform_easy_s2.json,0.7448,1877,643,1223848.61,652.02,6298.57,22.5
DeadlineAwareGreedy,conus_uniform_easy_s2.json,0.8036,2025,495,1154743.48,570.24,6600.18,20.884
RandomFit,conus_uniform_easy_s2.json,0.802,2021,499,1333100.02,659.62,6855.64,25.337
ShortestPathFirst,conus_uniform_easy_s2.json,0.9,2268,252,1458791.43,643.21,7810.92,38.841
GreedyGLB,conus_uniform_easy_s2.json,0.8413,2120,400,1422951.35,671.2,7220.81,26.205
GreedyFIFS,conus_uniform_easy_s3.json,0.6776,1696,807,987287.03,582.13,6654.07,25.786
BestFit,conus_uniform_easy_s3.json,0.6077,1521,982,912401.53,599.87,5867.37,25.129
DeadlineAwareGreedy,conus_uniform_easy_s3.json,0.6868,1719,784,963032.31,560.23,6499.56,23.982
RandomFit,conus_uniform_easy_s3.json,0.7495,1876,627,1274233.38,679.23,7580.82,28.85
ShortestPathFirst,conus_uniform_easy_s3.json,0.7579,1897,606,1178354.24,621.17,7503.22,40.865
GreedyGLB,conus_uniform_easy_s3.json,0.7815,1956,547,1288725.09,658.86,7734.09,29.185
GreedyFIFS,conus_uniform_hard_s1.json,0.1298,323,2165,1052689.88,3259.1,1952.55,6.764
BestFit,conus_uniform_hard_s1.json,0.1274,317,2171,1032889.76,3258.33,1941.51,6.476
DeadlineAwareGreedy,conus_uniform_hard_s1.json,0.1387,345,2143,1098561.85,3184.24,1764.02,6.232
RandomFit,conus_uniform_hard_s1.json,0.1338,333,2155,1065600.43,3200.0,2031.73,6.864
ShortestPathFirst,conus_uniform_hard_s1.json,0.1326,330,2158,1059078.85,3209.33,2006.2,20.506
GreedyGLB,conus_uniform_hard_s1.json,0.1274,317,2171,1014918.22,3201.63,1956.61,6.877
GreedyFIFS,conus_uniform_hard_s2.json,0.1188,295,2189,804555.76,2727.31,2231.42,11.777
BestFit,conus_uniform_hard_s2.json,0.1232,306,2178,827956.48,2705.74,2285.41,11.495
DeadlineAwareGreedy,conus_uniform_hard_s2.json,0.1558,387,2097,866542.13,2239.13,2393.91,12.367
RandomFit,conus_uniform_hard_s2.json,0.1099,273,2211,797390.61,2920.84,2132.06,10.804
ShortestPathFirst,conus_uniform_hard_s2.json,0.1288,320,2164,842773.34,2633.67,2309.32,23.234
GreedyGLB,conus_uniform_hard_s2.json,0.1264,314,2170,821108.34,2614.99,2301.04,12.166
GreedyFIFS,conus_uniform_hard_s3.json,0.1296,318,2135,677067.19,2129.14,2613.14,17.678
BestFit,conus_uniform_hard_s3.json,0.1256,308,2145,692739.6,2249.15,2556.25,18.969
DeadlineAwareGreedy,conus_uniform_hard_s3.json,0.1561,383,2070,646667.5,1688.43,2542.85,16.376
RandomFit,conus_uniform_hard_s3.json,0.1052,258,2195,650317.24,2520.61,2370.59,15.29
ShortestPathFirst,conus_uniform_hard_s3.json,0.1378,338,2115,716231.41,2119.03,2769.74,27.769
GreedyGLB,conus_uniform_hard_s3.json,0.1321,324,2129,702983.77,2169.7,2648.0,19.974
GreedyFIFS,conus_uniform_normal_s1.json,0.5544,1382,1111,1645417.88,1190.61,3550.95,15.6
BestFit,conus_uniform_normal_s1.json,0.5235,1305,1188,1654615.73,1267.9,3342.87,15.999
DeadlineAwareGreedy,conus_uniform_normal_s1.json,0.5552,1384,1109,1617194.71,1168.49,3304.2,15.287
RandomFit,conus_uniform_normal_s1.json,0.5475,1365,1128,1720545.09,1260.47,3516.77,16.044
ShortestPathFirst,conus_uniform_normal_s1.json,0.649,1618,875,2057864.06,1271.86,4130.13,28.346
GreedyGLB,conus_uniform_normal_s1.json,0.5379,1341,1152,1692000.34,1261.75,3499.44,17.503
GreedyFIFS,conus_uniform_normal_s2.json,0.4996,1312,1314,1489591.95,1135.36,4000.44,19.425
BestFit,conus_uniform_normal_s2.json,0.4985,1309,1317,1550436.49,1184.44,3982.71,19.369
DeadlineAwareGreedy,conus_uniform_normal_s2.json,0.516,1355,1271,1395424.13,1029.83,3781.26,18.55
RandomFit,conus_uniform_normal_s2.json,0.519,1363,1263,1709471.77,1254.2,4199.0,20.219
ShortestPathFirst,conus_uniform_normal_s2.json,0.5823,1529,1097,1843273.18,1205.54,4563.27,32.436
GreedyGLB,conus_uniform_normal_s2.json,0.5305,1393,1233,1714257.54,1230.62,4298.76,21.648
GreedyFIFS,conus_uniform_normal_s3.json,0.4154,1044,1469,1087280.65,1041.46,3870.33,24.31
BestFit,conus_uniform_normal_s3.json,0.4107,1032,1481,1146106.74,1110.57,3786.28,23.656
DeadlineAwareGreedy,conus_uniform_normal_s3.json,0.4341,1091,1422,1059261.82,970.91,3713.54,21.665
RandomFit,conus_uniform_normal_s3.json,0.4278,1075,1438,1325235.46,1232.78,4109.22,24.632
ShortestPathFirst,conus_uniform_normal_s3.json,0.5133,1290,1223,1466582.99,1136.89,4698.71,35.722
GreedyGLB,conus_uniform_normal_s3.json,0.4481,1126,1387,1356465.82,1204.68,4196.61,23.814
GreedyFIFS,conus_urban_easy_s1.json,0.8346,2049,406,1049207.3,512.06,5743.32,19.265
BestFit,conus_urban_easy_s1.json,0.8424,2068,387,1221553.53,590.69,5804.22,19.087
DeadlineAwareGreedy,conus_urban_easy_s1.json,0.8334,2046,409,1041364.91,508.98,5570.52,18.876
RandomFit,conus_urban_easy_s1.json,0.8428,2069,386,1209564.03,584.61,5824.12,21.254
ShortestPathFirst,conus_urban_easy_s1.json,0.8798,2160,295,1297405.69,600.65,6082.05,34.837
GreedyGLB,conus_urban_easy_s1.json,0.8436,2071,384,1209186.74,583.87,5821.17,22.792
GreedyFIFS,conus_urban_easy_s2.json,0.7589,1901,604,1135642.79,597.39,6667.21,22.338
BestFit,conus_urban_easy_s2.json,0.7218,1808,697,1152083.94,637.21,6334.15,22.164
DeadlineAwareGreedy,conus_urban_easy_s2.json,0.7737,1938,567,1129714.6,582.93,6526.86,21.233
RandomFit,conus_urban_easy_s2.json,0.7856,1968,537,1307968.9,664.62,6990.35,24.579
ShortestPathFirst,conus_urban_easy_s2.json,0.7928,1986,519,1253097.07,630.97,6898.89,37.52
GreedyGLB,conus_urban_easy_s2.json,0.806,2019,486,1343013.95,665.19,7162.26,25.994
GreedyFIFS,conus_urban_easy_s3.json,0.7121,1833,741,1015746.47,554.14,7296.28,26.236
BestFit,conus_urban_easy_s3.json,0.6865,1767,807,999940.61,565.9,7023.24,25.526
DeadlineAwareGreedy,conus_urban_easy_s3.json,0.7234,1862,712,977288.09,524.86,7131.84,25.001
RandomFit,conus_urban_easy_s3.json,0.7852,2021,553,1287257.39,636.94,8256.52,30.369
ShortestPathFirst,conus_urban_easy_s3.json,0.756,1946,628,1153561.85,592.79,7800.74,41.341
GreedyGLB,conus_urban_easy_s3.json,0.8166,2102,472,1349773.51,642.14,8657.12,31.604
GreedyFIFS,conus_urban_hard_s1.json,0.1282,318,2163,1037730.91,3263.3,1990.01,7.503
BestFit,conus_urban_hard_s1.json,0.1258,312,2169,1025754.25,3287.67,1972.33,7.319
DeadlineAwareGreedy,conus_urban_hard_s1.json,0.1294,321,2160,1045072.61,3255.68,1713.52,8.244
RandomFit,conus_urban_hard_s1.json,0.1274,316,2165,1029250.59,3257.12,1999.05,7.197
ShortestPathFirst,conus_urban_hard_s1.json,0.1302,323,2158,1048681.28,3246.69,2015.36,21.486
GreedyGLB,conus_urban_hard_s1.json,0.1266,314,2167,1004811.45,3200.04,1961.42,7.666
GreedyFIFS,conus_urban_hard_s2.json,0.1082,276,2275,667219.65,2417.46,2114.99,10.836
BestFit,conus_urban_hard_s2.json,0.1125,287,2264,699282.33,2436.52,2195.88,11.036
DeadlineAwareGreedy,conus_urban_hard_s2.json,0.1419,362,2189,706440.48,1951.49,2253.51,12.659
RandomFit,conus_urban_hard_s2.json,0.1011,258,2293,676130.34,2620.66,2094.41,10.331
ShortestPathFirst,conus_urban_hard_s2.json,0.1192,304,2247,723211.49,2378.99,2274.7,23.251
GreedyGLB,conus_urban_hard_s2.json,0.1125,287,2264,683064.17,2380.01,2199.04,12.313
GreedyFIFS,conus_urban_hard_s3.json,0.1117,275,2186,653191.84,2375.24,2407.68,18.078
BestFit,conus_urban_hard_s3.json,0.1121,276,2185,634376.58,2298.47,2309.05,19.035
DeadlineAwareGreedy,conus_urban_hard_s3.json,0.1219,300,2161,524051.65,1746.84,2019.75,15.178
RandomFit,conus_urban_hard_s3.json,0.091,224,2237,622339.94,2778.3,2182.56,16.054
ShortestPathFirst,conus_urban_hard_s3.json,0.1203,296,2165,690713.61,2333.49,2533.94,27.229
GreedyGLB,conus_urban_hard_s3.json,0.1097,270,2191,650374.87,2408.8,2330.11,21.571
GreedyFIFS,conus_urban_normal_s1.json,0.542,1361,1150,1592876.0,1170.37,3545.69,16.163
BestFit,conus_urban_normal_s1.json,0.5305,1332,1179,1658567.5,1245.17,3439.01,16.369
DeadlineAwareGreedy,conus_urban_normal_s1.json,0.5388,1353,1158,1542865.86,1140.33,3261.47,15.373
RandomFit,conus_urban_normal_s1.json,0.5512,1384,1127,1746046.89,1261.59,3576.69,17.2
ShortestPathFirst,conus_urban_normal_s1.json,0.5802,1457,1054,1791894.18,1229.85,3790.13,29.343
GreedyGLB,conus_urban_normal_s1.json,0.5468,1373,1138,1725950.5,1257.07,3574.71,19.326
GreedyFIFS,conus_urban_normal_s2.json,0.4899,1212,1262,1155785.79,953.62,3946.09,18.03
BestFit,conus_urban_normal_s2.json,0.483,1195,1279,1203101.96,1006.78,3853.16,18.471
DeadlineAwareGreedy,conus_urban_normal_s2.json,0.5279,1306,1168,1136310.63,870.07,3850.3,16.742
RandomFit,conus_urban_normal_s2.json,0.5303,1312,1162,1413984.4,1077.73,4358.92,20.626
ShortestPathFirst,conus_urban_normal_s2.json,0.5489,1358,1116,1382053.15,1017.71,4374.45,31.48
GreedyGLB,conus_urban_normal_s2.json,0.536,1326,1148,1463958.83,1104.04,4387.69,22.344
GreedyFIFS,conus_urban_normal_s3.json,0.4453,1116,1390,1351481.03,1211.0,4198.75,22.675
BestFit,conus_urban_normal_s3.json,0.417,1045,1461,1233809.22,1180.68,3799.77,21.665
DeadlineAwareGreedy,conus_urban_normal_s3.json,0.4701,1178,1328,1237690.23,1050.67,3949.47,20.351
RandomFit,conus_urban_normal_s3.json,0.4433,1111,1395,1499153.31,1349.37,4195.87,21.948
ShortestPathFirst,conus_urban_normal_s3.json,0.4573,1146,1360,1416024.26,1235.62,4200.26,35.002
GreedyGLB,conus_urban_normal_s3.json,0.4609,1155,1351,1453151.48,1258.14,4250.71,23.886
GreedyFIFS,nsf_centers_easy_s1.json,0.7501,1825,608,56688.4,31.06,3471.66,3.434
BestFit,nsf_centers_easy_s1.json,0.7501,1825,608,56688.4,31.06,3471.66,3.474
DeadlineAwareGreedy,nsf_centers_easy_s1.json,0.7431,1808,625,56210.41,31.09,3315.51,3.185
RandomFit,nsf_centers_easy_s1.json,0.7501,1825,608,56688.4,31.06,3471.66,3.393
ShortestPathFirst,nsf_centers_easy_s1.json,0.7501,1825,608,56688.4,31.06,3471.66,4.461
GreedyGLB,nsf_centers_easy_s1.json,0.7501,1825,608,56688.4,31.06,3471.66,3.429
GreedyFIFS,nsf_centers_easy_s2.json,0.485,1225,1301,35309.7,28.82,2827.06,3.025
BestFit,nsf_centers_easy_s2.json,0.485,1225,1301,35309.7,28.82,2827.06,3.252
DeadlineAwareGreedy,nsf_centers_easy_s2.json,0.5162,1304,1222,35375.4,27.13,2801.07,2.94
RandomFit,nsf_centers_easy_s2.json,0.485,1225,1301,35309.7,28.82,2827.06,3.057
ShortestPathFirst,nsf_centers_easy_s2.json,0.485,1225,1301,35309.7,28.82,2827.06,4.185
GreedyGLB,nsf_centers_easy_s2.json,0.485,1225,1301,35309.7,28.82,2827.06,3.21
GreedyFIFS,nsf_centers_hard_s1.json,0.1134,277,2166,40490.58,146.18,1410.91,2.56
BestFit,nsf_centers_hard_s1.json,0.1134,277,2166,40490.58,146.18,1410.91,2.431
DeadlineAwareGreedy,nsf_centers_hard_s1.json,0.1248,305,2138,44671.54,146.46,1350.76,2.227
RandomFit,nsf_centers_hard_s1.json,0.1134,277,2166,40490.58,146.18,1410.91,2.321
ShortestPathFirst,nsf_centers_hard_s1.json,0.1134,277,2166,40490.58,146.18,1410.91,3.178
GreedyGLB,nsf_centers_hard_s1.json,0.1134,277,2166,40490.58,146.18,1410.91,2.504
GreedyFIFS,nsf_centers_hard_s2.json,0.0699,174,2317,24249.55,139.37,1382.26,2.64
BestFit,nsf_centers_hard_s2.json,0.0699,174,2317,24249.55,139.37,1382.26,2.921
DeadlineAwareGreedy,nsf_centers_hard_s2.json,0.0735,183,2308,17493.05,95.59,970.94,2.249
RandomFit,nsf_centers_hard_s2.json,0.0699,174,2317,24249.55,139.37,1382.26,2.702
ShortestPathFirst,nsf_centers_hard_s2.json,0.0699,174,2317,24249.55,139.37,1382.26,3.528
GreedyGLB,nsf_centers_hard_s2.json,0.0699,174,2317,24249.55,139.37,1382.26,2.842
GreedyFIFS,nsf_centers_hard_s3.json,0.07,171,2272,17041.44,99.66,1594.02,2.52
BestFit,nsf_centers_hard_s3.json,0.07,171,2272,17041.44,99.66,1594.02,2.768
DeadlineAwareGreedy,nsf_centers_hard_s3.json,0.0896,219,2224,12005.48,54.82,1175.1,2.692
RandomFit,nsf_centers_hard_s3.json,0.07,171,2272,17041.44,99.66,1594.02,2.738
ShortestPathFirst,nsf_centers_hard_s3.json,0.07,171,2272,17041.44,99.66,1594.02,3.955
GreedyGLB,nsf_centers_hard_s3.json,0.07,171,2272,17041.44,99.66,1594.02,2.718
GreedyFIFS,nsf_centers_normal_s1.json,0.4082,983,1425,71000.01,72.23,1821.28,2.452
BestFit,nsf_centers_normal_s1.json,0.4082,983,1425,71000.01,72.23,1821.28,2.55
DeadlineAwareGreedy,nsf_centers_normal_s1.json,0.4261,1026,1382,74247.71,72.37,1711.66,2.561
RandomFit,nsf_centers_normal_s1.json,0.4082,983,1425,71000.01,72.23,1821.28,2.456
ShortestPathFirst,nsf_centers_normal_s1.json,0.4082,983,1425,71000.01,72.23,1821.28,3.438
GreedyGLB,nsf_centers_normal_s1.json,0.4082,983,1425,71000.01,72.23,1821.28,2.556
GreedyFIFS,nsf_centers_normal_s2.json,0.2656,658,1819,40246.95,61.17,1423.63,2.37
BestFit,nsf_centers_normal_s2.json,0.2656,658,1819,40246.95,61.17,1423.63,2.481
DeadlineAwareGreedy,nsf_centers_normal_s2.json,0.2858,708,1769,36539.04,51.61,1279.7,2.335
RandomFit,nsf_centers_normal_s2.json,0.2656,658,1819,40246.95,61.17,1423.63,2.426
ShortestPathFirst,nsf_centers_normal_s2.json,0.2656,658,1819,40246.95,61.17,1423.63,3.357
GreedyGLB,nsf_centers_normal_s2.json,0.2656,658,1819,40246.95,61.17,1423.63,2.489
GreedyFIFS,nsf_centers_normal_s3.json,0.2853,735,1841,42378.6,57.66,2087.55,2.96
BestFit,nsf_centers_normal_s3.json,0.2853,735,1841,42378.6,57.66,2087.55,2.907
DeadlineAwareGreedy,nsf_centers_normal_s3.json,0.3207,826,1750,36867.65,44.63,1928.16,2.725
RandomFit,nsf_centers_normal_s3.json,0.2853,735,1841,42378.6,57.66,2087.55,2.809
ShortestPathFirst,nsf_centers_normal_s3.json,0.2853,735,1841,42378.6,57.66,2087.55,3.804
GreedyGLB,nsf_centers_normal_s3.json,0.2853,735,1841,42378.6,57.66,2087.55,2.861
GreedyFIFS,nsf_rural_easy_s1.json,0.8529,2035,351,211676.87,104.02,4480.15,4.573
BestFit,nsf_rural_easy_s1.json,0.8441,2014,372,229117.49,113.76,4351.21,4.613
DeadlineAwareGreedy,nsf_rural_easy_s1.json,0.8663,2067,319,214951.03,103.99,4457.65,4.449
RandomFit,nsf_rural_easy_s1.json,0.8734,2084,302,242313.27,116.27,4612.48,4.846
ShortestPathFirst,nsf_rural_easy_s1.json,0.8806,2101,285,227854.33,108.45,4596.99,5.78
GreedyGLB,nsf_rural_easy_s1.json,0.8789,2097,289,245939.54,117.28,4681.94,5.228
GreedyFIFS,nsf_rural_easy_s2.json,0.8075,1955,466,262937.06,134.49,4920.41,5.335
BestFit,nsf_rural_easy_s2.json,0.8075,1955,466,276498.32,141.43,4885.71,5.351
DeadlineAwareGreedy,nsf_rural_easy_s2.json,0.817,1978,443,258996.46,130.94,4830.53,5.09
RandomFit,nsf_rural_easy_s2.json,0.8063,1952,469,282094.21,144.52,4826.82,5.678
ShortestPathFirst,nsf_rural_easy_s2.json,0.8294,2008,413,292375.88,145.61,4988.76,6.285
GreedyGLB,nsf_rural_easy_s2.json,0.8348,2021,400,296278.13,146.6,5105.76,5.938
GreedyFIFS,nsf_rural_hard_s1.json,0.1242,309,2178,237975.76,770.15,1814.65,1.846
BestFit,nsf_rural_hard_s1.json,0.1218,303,2184,234410.59,773.63,1827.53,2.321
DeadlineAwareGreedy,nsf_rural_hard_s1.json,0.1242,309,2178,231393.61,748.85,1602.29,2.166
RandomFit,nsf_rural_hard_s1.json,0.1238,308,2179,239479.74,777.53,1866.32,2.093
ShortestPathFirst,nsf_rural_hard_s1.json,0.1238,308,2179,236427.16,767.62,1832.59,3.132
GreedyGLB,nsf_rural_hard_s1.json,0.1242,309,2178,236614.33,765.74,1833.02,2.159
GreedyFIFS,nsf_rural_hard_s2.json,0.0974,244,2262,157230.35,644.39,1788.37,2.491
BestFit,nsf_rural_hard_s2.json,0.0986,247,2259,164215.97,664.84,1852.04,2.614
DeadlineAwareGreedy,nsf_rural_hard_s2.json,0.1313,329,2177,164912.85,501.25,1814.47,3.297
RandomFit,nsf_rural_hard_s2.json,0.0954,239,2267,162140.25,678.41,1820.23,2.674
ShortestPathFirst,nsf_rural_hard_s2.json,0.0942,236,2270,161501.58,684.33,1805.39,3.679
GreedyGLB,nsf_rural_hard_s2.json,0.1022,256,2250,165788.81,647.61,1878.25,2.877
GreedyFIFS,nsf_rural_hard_s3.json,0.1001,246,2212,136045.53,553.03,2082.41,4.497
BestFit,nsf_rural_hard_s3.json,0.0985,242,2216,139626.26,576.97,2062.98,4.949
DeadlineAwareGreedy,nsf_rural_hard_s3.json,0.1147,282,2176,101198.46,358.86,1690.76,4.133
RandomFit,nsf_rural_hard_s3.json,0.0903,222,2236,128870.93,580.5,1959.01,4.501
ShortestPathFirst,nsf_rural_hard_s3.json,0.1086,267,2191,146781.42,549.74,2209.12,4.874
GreedyGLB,nsf_rural_hard_s3.json,0.0976,240,2218,139128.62,579.7,2076.34,5.176
GreedyFIFS,nsf_rural_normal_s1.json,0.5704,1422,1071,386718.02,271.95,2883.73,4.239
BestFit,nsf_rural_normal_s1.json,0.5764,1437,1056,444376.48,309.24,2884.11,4.166
DeadlineAwareGreedy,nsf_rural_normal_s1.json,0.5949,1483,1010,401399.38,270.67,2790.84,3.918
RandomFit,nsf_rural_normal_s1.json,0.6041,1506,987,444401.11,295.09,3034.89,4.266
ShortestPathFirst,nsf_rural_normal_s1.json,0.6306,1572,921,462941.04,294.49,3218.02,4.912
GreedyGLB,nsf_rural_normal_s1.json,0.5909,1473,1020,436947.97,296.64,2966.08,4.607
GreedyFIFS,nsf_rural_normal_s2.json,0.5237,1327,1207,390370.63,294.18,3390.49,4.51
BestFit,nsf_rural_normal_s2.json,0.5442,1379,1155,444902.23,322.63,3503.45,4.599
DeadlineAwareGreedy,nsf_rural_normal_s2.json,0.5355,1357,1177,359532.63,264.95,3176.57,4.158
RandomFit,nsf_rural_normal_s2.json,0.5331,1351,1183,432435.27,320.09,3426.98,4.814
ShortestPathFirst,nsf_rural_normal_s2.json,0.5943,1506,1028,469601.39,311.82,3865.1,5.222
GreedyGLB,nsf_rural_normal_s2.json,0.5809,1472,1062,475398.34,322.96,3794.28,5.048
GreedyFIFS,nsf_rural_normal_s3.json,0.4958,1236,1257,369744.22,299.15,3559.85,4.464
BestFit,nsf_rural_normal_s3.json,0.4673,1165,1328,381253.75,327.26,3397.16,4.988
DeadlineAwareGreedy,nsf_rural_normal_s3.json,0.497,1239,1254,318920.01,257.4,3184.96,4.299
RandomFit,nsf_rural_normal_s3.json,0.4609,1149,1344,368020.64,320.3,3373.61,5.3
ShortestPathFirst,nsf_rural_normal_s3.json,0.5106,1273,1220,402381.59,316.09,3712.51,5.239
GreedyGLB,nsf_rural_normal_s3.json,0.5146,1283,1210,416529.89,324.65,3784.09,5.457
GreedyFIFS,nsf_uniform_easy_s1.json,0.7626,1902,592,190129.72,99.96,3966.12,4.638
BestFit,nsf_uniform_easy_s1.json,0.7719,1925,569,229318.9,119.13,4050.93,4.635
DeadlineAwareGreedy,nsf_uniform_easy_s1.json,0.7719,1925,569,192035.12,99.76,3881.8,4.508
RandomFit,nsf_uniform_easy_s1.json,0.7935,1979,515,218107.19,110.21,4122.7,4.545
ShortestPathFirst,nsf_uniform_easy_s1.json,0.8172,2038,456,237239.67,116.41,4332.13,5.559
GreedyGLB,nsf_uniform_easy_s1.json,0.7967,1987,507,220452.2,110.95,4155.54,4.766
GreedyFIFS,nsf_uniform_easy_s2.json,0.8643,2134,335,204982.18,96.06,5476.79,5.187
BestFit,nsf_uniform_easy_s2.json,0.8643,2134,335,210362.97,98.58,5480.52,5.449
DeadlineAwareGreedy,nsf_uniform_easy_s2.json,0.851,2101,368,194673.8,92.66,5166.57,5.03
RandomFit,nsf_uniform_easy_s2.json,0.8635,2132,337,220594.77,103.47,5420.62,5.819
ShortestPathFirst,nsf_uniform_easy_s2.json,0.9137,2256,213,235338.46,104.32,5886.97,6.097
GreedyGLB,nsf_uniform_easy_s2.json,0.8923,2203,266,241675.14,109.7,5678.01,5.996
GreedyFIFS,nsf_uniform_hard_s1.json,0.1501,376,2129,231561.1,615.85,2150.36,2.486
BestFit,nsf_uniform_hard_s1.json,0.1529,383,2122,237797.01,620.88,2164.99,2.821
DeadlineAwareGreedy,nsf_uniform_hard_s1.json,0.1421,356,2149,208119.11,584.6,1731.87,2.729
RandomFit,nsf_uniform_hard_s1.json,0.1573,394,2111,244171.51,619.72,2218.14,2.496
ShortestPathFirst,nsf_uniform_hard_s1.json,0.1593,399,2106,246242.3,617.15,2254.35,3.023
GreedyGLB,nsf_uniform_hard_s1.json,0.1529,383,2122,237219.67,619.37,2186.79,2.852
GreedyFIFS,nsf_uniform_hard_s2.json,0.1187,291,2160,151314.88,519.98,2188.56,2.98
BestFit,nsf_uniform_hard_s2.json,0.1159,284,2167,149239.07,525.49,2154.34,3.694
DeadlineAwareGreedy,nsf_uniform_hard_s2.json,0.1261,309,2142,114241.56,369.71,1710.15,2.967
RandomFit,nsf_uniform_hard_s2.json,0.1085,266,2185,146975.51,552.54,2096.38,3.348
ShortestPathFirst,nsf_uniform_hard_s2.json,0.1106,271,2180,148226.35,546.96,2113.76,3.651
GreedyGLB,nsf_uniform_hard_s2.json,0.1122,275,2176,150164.04,546.05,2149.31,3.792
GreedyFIFS,nsf_uniform_hard_s3.json,0.0904,228,2294,125686.38,551.26,2107.61,3.544
BestFit,nsf_uniform_hard_s3.json,0.0999,252,2270,131556.2,522.05,2223.58,5.002
DeadlineAwareGreedy,nsf_uniform_hard_s3.json,0.1035,261,2261,89865.37,344.31,1593.08,4.145
RandomFit,nsf_uniform_hard_s3.json,0.09,227,2295,124709.08,549.38,2074.88,4.139
ShortestPathFirst,nsf_uniform_hard_s3.json,0.0995,251,2271,135067.8,538.12,2243.84,4.416
GreedyGLB,nsf_uniform_hard_s3.json,0.0995,251,2271,133955.43,533.69,2200.18,4.659
GreedyFIFS,nsf_uniform_normal_s1.json,0.6039,1505,987,348382.01,231.48,3196.52,3.825
BestFit,nsf_uniform_normal_s1.json,0.5903,1471,1021,351663.3,239.06,3145.05,4.149
DeadlineAwareGreedy,nsf_uniform_normal_s1.json,0.6011,1498,994,346693.92,231.44,2933.9,3.644
RandomFit,nsf_uniform_normal_s1.json,0.5975,1489,1003,361892.07,243.04,3179.77,3.739
ShortestPathFirst,nsf_uniform_normal_s1.json,0.6673,1663,829,401512.47,241.44,3506.39,4.582
GreedyGLB,nsf_uniform_normal_s1.json,0.6023,1501,991,367254.38,244.67,3199.28,4.091
GreedyFIFS,nsf_uniform_normal_s2.json,0.4774,1196,1309,223121.96,186.56,2837.57,4.542
BestFit,nsf_uniform_normal_s2.json,0.4898,1227,1278,237261.56,193.37,2916.81,4.281
DeadlineAwareGreedy,nsf_uniform_normal_s2.json,0.503,1260,1245,217692.6,172.77,2685.23,4.189
RandomFit,nsf_uniform_normal_s2.json,0.4998,1252,1253,251832.2,201.14,2955.83,4.535
ShortestPathFirst,nsf_uniform_normal_s2.json,0.5593,1401,1104,281430.17,200.88,3349.4,5.012
GreedyGLB,nsf_uniform_normal_s2.json,0.5333,1336,1169,272846.18,204.23,3140.38,4.731
GreedyFIFS,nsf_uniform_normal_s3.json,0.5339,1300,1135,241914.97,186.09,3600.86,4.601
BestFit,nsf_uniform_normal_s3.json,0.54,1315,1120,263637.05,200.48,3698.13,4.611
DeadlineAwareGreedy,nsf_uniform_normal_s3.json,0.5507,1341,1094,224861.01,167.68,3392.56,4.385
RandomFit,nsf_uniform_normal_s3.json,0.5211,1269,1166,255607.55,201.42,3556.44,4.881
ShortestPathFirst,nsf_uniform_normal_s3.json,0.6251,1522,913,304017.6,199.75,4255.66,5.085
GreedyGLB,nsf_uniform_normal_s3.json,0.5926,1443,992,295956.47,205.1,4063.32,4.955
GreedyFIFS,nsf_urban_easy_s1.json,0.8615,2170,349,232023.29,106.92,4668.13,4.482
BestFit,nsf_urban_easy_s1.json,0.8436,2125,394,251020.96,118.13,4555.68,4.818
DeadlineAwareGreedy,nsf_urban_easy_s1.json,0.8603,2167,352,232034.48,107.08,4517.58,4.18
RandomFit,nsf_urban_easy_s1.json,0.8757,2206,313,265270.47,120.25,4770.19,4.634
ShortestPathFirst,nsf_urban_easy_s1.json,0.9194,2316,203,272655.63,117.73,5139.49,5.438
GreedyGLB,nsf_urban_easy_s1.json,0.8809,2219,300,263786.26,118.88,4810.52,4.962
GreedyFIFS,nsf_urban_easy_s2.json,0.7807,2011,565,220677.93,109.74,5442.26,5.341
BestFit,nsf_urban_easy_s2.json,0.7958,2050,526,232073.99,113.21,5602.37,5.438
DeadlineAwareGreedy,nsf_urban_easy_s2.json,0.7908,2037,539,218629.56,107.33,5304.04,5.346
RandomFit,nsf_urban_easy_s2.json,0.7962,2051,525,234501.34,114.34,5552.71,5.663
ShortestPathFirst,nsf_urban_easy_s2.json,0.828,2133,443,244669.59,114.71,5806.04,6.013
GreedyGLB,nsf_urban_easy_s2.json,0.8082,2082,494,242749.88,116.59,5702.29,5.938
GreedyFIFS,nsf_urban_hard_s1.json,0.1423,351,2116,212633.8,605.79,1970.38,2.465
BestFit,nsf_urban_hard_s1.json,0.1378,340,2127,206273.66,606.69,1907.85,2.657
DeadlineAwareGreedy,nsf_urban_hard_s1.json,0.1475,364,2103,217563.18,597.7,1752.99,2.623
RandomFit,nsf_urban_hard_s1.json,0.1411,348,2119,212008.78,609.22,1954.33,2.334
ShortestPathFirst,nsf_urban_hard_s1.json,0.1443,356,2111,217053.17,609.7,1965.75,3.285
GreedyGLB,nsf_urban_hard_s1.json,0.1419,350,2117,213737.48,610.68,1967.27,2.632
GreedyFIFS,nsf_urban_hard_s2.json,0.1153,288,2209,158608.18,550.72,2097.4,3.455
BestFit,nsf_urban_hard_s2.json,0.1113,278,2219,159382.38,573.32,2064.57,3.361
DeadlineAwareGreedy,nsf_urban_hard_s2.json,0.1358,339,2158,132193.18,389.95,1841.32,3.071
RandomFit,nsf_urban_hard_s2.json,0.1165,291,2206,165258.85,567.9,2122.06,3.192
ShortestPathFirst,nsf_urban_hard_s2.json,0.1165,291,2206,166971.76,573.79,2134.84,3.679
GreedyGLB,nsf_urban_hard_s2.json,0.1201,300,2197,173272.75,577.58,2223.35,3.219
GreedyFIFS,nsf_urban_hard_s3.json,0.0977,258,2382,129002.84,500.01,2319.58,4.239
BestFit,nsf_urban_hard_s3.json,0.0936,247,2393,125355.31,507.51,2234.25,4.569
DeadlineAwareGreedy,nsf_urban_hard_s3.json,0.1197,316,2324,104648.76,331.17,1987.52,4.277
RandomFit,nsf_urban_hard_s3.json,0.0871,230,2410,120289.75,523.0,2107.36,4.657
ShortestPathFirst,nsf_urban_hard_s3.json,0.097,256,2384,130071.4,508.09,2301.33,5.217
GreedyGLB,nsf_urban_hard_s3.json,0.0883,233,2407,123657.08,530.72,2208.36,4.947
GreedyFIFS,nsf_urban_normal_s1.json,0.6175,1542,955,344069.03,223.13,3299.77,4.038
BestFit,nsf_urban_normal_s1.json,0.6276,1567,930,363014.98,231.66,3308.2,4.024
DeadlineAwareGreedy,nsf_urban_normal_s1.json,0.6091,1521,976,336537.55,221.26,3067.83,4.004
RandomFit,nsf_urban_normal_s1.json,0.6428,1605,892,373390.7,232.64,3382.22,3.999
ShortestPathFirst,nsf_urban_normal_s1.json,0.6848,1710,787,399958.48,233.89,3554.51,4.862
GreedyGLB,nsf_urban_normal_s1.json,0.6412,1601,896,368377.22,230.09,3386.58,4.246
GreedyFIFS,nsf_urban_normal_s2.json,0.5272,1346,1207,335019.91,248.9,3374.03,4.313
BestFit,nsf_urban_normal_s2.json,0.5339,1363,1190,347519.79,254.97,3443.79,4.052
DeadlineAwareGreedy,nsf_urban_normal_s2.json,0.5413,1382,1171,312415.44,226.06,3141.17,3.895
RandomFit,nsf_urban_normal_s2.json,0.5135,1311,1242,339877.11,259.25,3314.7,4.34
ShortestPathFirst,nsf_urban_normal_s2.json,0.586,1496,1057,389745.8,260.53,3830.85,4.913
GreedyGLB,nsf_urban_normal_s2.json,0.5492,1402,1151,367859.93,262.38,3591.9,4.675
GreedyFIFS,nsf_urban_normal_s3.json,0.4663,1133,1297,240580.17,212.34,3252.51,4.743
BestFit,nsf_urban_normal_s3.json,0.4844,1177,1253,259135.7,220.17,3342.25,4.576
DeadlineAwareGreedy,nsf_urban_normal_s3.json,0.4881,1186,1244,224047.22,188.91,3082.22,4.664
RandomFit,nsf_urban_normal_s3.json,0.4617,1122,1308,247268.26,220.38,3198.75,4.899
ShortestPathFirst,nsf_urban_normal_s3.json,0.5243,1274,1156,278414.84,218.54,3632.9,5.034
GreedyGLB,nsf_urban_normal_s3.json,0.5016,1219,1211,276858.89,227.12,3553.3,4.908
DRL-NFV,cogent_centers_easy_s1.json,0.7306,1828,674,554800.2,303.5,4285.31,71.928
DRL-NFV,cogent_centers_easy_s2.json,0.6989,1773,764,412659.19,232.75,5048.69,77.403
DRL-NFV,cogent_centers_easy_s3.json,0.6489,1641,888,501535.23,305.63,5427.58,84.45
DRL-NFV,cogent_centers_hard_s1.json,0.1258,307,2134,418058.38,1361.75,1744.96,48.158
DRL-NFV,cogent_centers_hard_s2.json,0.1044,259,2221,270081.0,1042.78,1733.17,56.011
DRL-NFV,cogent_centers_hard_s3.json,0.0759,193,2349,200042.35,1036.49,1423.17,60.562
DRL-NFV,cogent_centers_normal_s1.json,0.4529,1145,1383,647045.06,565.1,2473.92,59.953
DRL-NFV,cogent_centers_normal_s2.json,0.4164,1024,1435,658901.55,643.46,2738.23,63.167
DRL-NFV,cogent_centers_normal_s3.json,0.3747,932,1555,465365.48,499.32,2700.06,67.623
DRL-NFV,cogent_rural_easy_s1.json,0.7782,1940,553,1907737.31,983.37,5043.45,81.46
DRL-NFV,cogent_rural_easy_s2.json,0.686,1739,796,1550242.86,891.46,5745.81,92.904
DRL-NFV,cogent_rural_easy_s3.json,0.6325,1606,933,1250149.73,778.42,6118.22,102.142
DRL-NFV,cogent_rural_hard_s1.json,0.086,218,2317,1019174.12,4675.11,1289.9,55.039
DRL-NFV,cogent_rural_hard_s2.json,0.0655,163,2325,578472.01,3548.91,1084.76,56.261
DRL-NFV,cogent_rural_hard_s3.json,0.0768,184,2213,531158.97,2886.73,1315.85,60.854
DRL-NFV,cogent_rural_normal_s1.json,0.4459,1129,1403,1586273.42,1405.03,2729.71,66.767
DRL-NFV,cogent_rural_normal_s2.json,0.3929,1031,1593,1437592.85,1394.37,2967.1,77.43
DRL-NFV,cogent_rural_normal_s3.json,0.3014,746,1729,1101533.16,1476.59,2582.2,78.529
DRL-NFV,cogent_uniform_easy_s1.json,0.7499,1898,633,1728150.87,910.51,4678.09,81.197
DRL-NFV,cogent_uniform_easy_s2.json,0.6982,1758,760,1554676.84,884.34,5341.86,91.746
DRL-NFV,cogent_uniform_easy_s3.json,0.5732,1441,1073,1353807.65,939.49,5200.41,100.205
DRL-NFV,cogent_uniform_hard_s1.json,0.1026,267,2335,1130495.53,4234.07,1543.24,56.029
DRL-NFV,cogent_uniform_hard_s2.json,0.0748,190,2349,683819.85,3599.05,1271.73,59.193
DRL-NFV,cogent_uniform_hard_s3.json,0.0705,180,2373,472283.25,2623.8,1284.41,65.421
DRL-NFV,cogent_uniform_normal_s1.json,0.4232,1071,1460,1436727.49,1341.48,2454.68,64.134
DRL-NFV,cogent_uniform_normal_s2.json,0.365,911,1585,1465930.83,1609.14,2608.13,72.743
DRL-NFV,cogent_uniform_normal_s3.json,0.3327,878,1761,1121795.01,1277.67,2761.43,84.329
DRL-NFV,cogent_urban_easy_s1.json,0.7076,1781,736,1465756.84,823.0,4384.8,82.151
DRL-NFV,cogent_urban_easy_s2.json,0.628,1634,968,1457363.86,891.9,4977.81,91.297
DRL-NFV,cogent_urban_easy_s3.json,0.5477,1360,1123,1141873.02,839.61,4643.28,94.884
DRL-NFV,cogent_urban_hard_s1.json,0.1044,260,2231,1176974.63,4526.83,1553.89,57.779
DRL-NFV,cogent_urban_hard_s2.json,0.0962,237,2227,799728.1,3374.38,1639.66,63.383
DRL-NFV,cogent_urban_hard_s3.json,0.0582,145,2348,378150.11,2607.93,993.9,63.664
DRL-NFV,cogent_urban_normal_s1.json,0.426,1068,1439,1497210.91,1401.88,2497.05,66.021
DRL-NFV,cogent_urban_normal_s2.json,0.3559,900,1629,1244019.17,1382.24,2433.92,71.035
DRL-NFV,cogent_urban_normal_s3.json,0.2999,747,1744,1090909.06,1460.39,2350.9,81.436
DRL-NFV,conus_centers_easy_s1.json,0.8456,2136,390,369295.08,172.89,5837.97,58.787
DRL-NFV,conus_centers_easy_s2.json,0.7944,1967,509,380813.95,193.6,6619.51,64.528
DRL-NFV,conus_centers_easy_s3.json,0.738,1859,660,355609.54,191.29,7087.99,72.138
DRL-NFV,conus_centers_hard_s1.json,0.1464,367,2139,386857.83,1054.11,2110.2,41.218
DRL-NFV,conus_centers_hard_s2.json,0.1383,356,2219,225980.94,634.78,2425.89,51.265
DRL-NFV,conus_centers_hard_s3.json,0.1098,281,2278,228224.69,812.19,2540.04,57.839
DRL-NFV,conus_centers_normal_s1.json,0.5596,1394,1097,566465.99,406.36,3646.55,52.278
DRL-NFV,conus_centers_normal_s2.json,0.4747,1208,1337,432670.64,358.17,3739.93,57.379
DRL-NFV,conus_centers_normal_s3.json,0.4426,1099,1384,406056.79,369.48,3789.29,60.957
DRL-NFV,conus_rural_easy_s1.json,0.4433,133,167,11590.88,87.15,1719.0,28.757
DRL-NFV,conus_rural_easy_s2.json,0.5067,152,148,9458.52,62.23,1902.0,33.615
DRL-NFV,conus_rural_easy_s3.json,0.4467,134,166,8167.3,60.95,1664.0,25.927
DRL-NFV,conus_rural_hard_s1.json,0.1261,312,2163,1034490.91,3315.68,1730.08,46.429
DRL-NFV,conus_rural_hard_s2.json,0.1209,310,2255,830547.85,2679.19,2119.45,58.17
DRL-NFV,conus_rural_hard_s3.json,0.0962,239,2245,497479.55,2081.5,1820.19,62.65
DRL-NFV,conus_rural_normal_s1.json,0.4777,1201,1313,1568216.7,1305.76,2999.03,59.996
DRL-NFV,conus_rural_normal_s2.json,0.4116,1015,1451,1317769.31,1298.29,2946.37,62.737
DRL-NFV,conus_rural_normal_s3.json,0.3865,960,1524,1057306.3,1101.36,3316.15,72.228
DRL-NFV,conus_uniform_easy_s1.json,0.8045,2123,516,1261238.27,594.08,5530.33,67.875
DRL-NFV,conus_uniform_easy_s2.json,0.7623,1921,599,1196732.89,622.97,6315.28,73.604
DRL-NFV,conus_uniform_easy_s3.json,0.642,1607,896,979233.1,609.35,6033.07,80.616
DRL-NFV,conus_uniform_hard_s1.json,0.1427,355,2133,1152047.4,3245.2,1947.22,45.842
DRL-NFV,conus_uniform_hard_s2.json,0.1473,366,2118,892711.92,2439.1,2397.61,55.794
DRL-NFV,conus_uniform_hard_s3.json,0.1329,326,2127,639180.75,1960.68,2351.68,66.193
DRL-NFV,conus_uniform_normal_s1.json,0.5211,1299,1194,1685913.56,1297.85,3149.29,58.45
DRL-NFV,conus_uniform_normal_s2.json,0.4863,1277,1349,1474731.46,1154.84,3544.65,66.464
DRL-NFV,conus_uniform_normal_s3.json,0.3951,993,1520,1043088.75,1050.44,3346.14,73.359
DRL-NFV,conus_urban_easy_s1.json,0.8204,2014,441,1139306.34,565.69,5535.53,64.617
DRL-NFV,conus_urban_easy_s2.json,0.7293,1827,678,1168178.77,639.4,6302.44,74.98
DRL-NFV,conus_urban_easy_s3.json,0.6904,1777,797,1021817.75,575.02,6974.46,86.431
DRL-NFV,conus_urban_hard_s1.json,0.1326,329,2152,1092433.4,3320.47,1846.13,48.225
DRL-NFV,conus_urban_hard_s2.json,0.1396,356,2195,755261.2,2121.52,2376.85,59.186
DRL-NFV,conus_urban_hard_s3.json,0.1117,275,2186,588909.41,2141.49,2132.35,67.203
DRL-NFV,conus_urban_normal_s1.json,0.5165,1297,1214,1586463.8,1223.18,3215.78,59.579
DRL-NFV,conus_urban_normal_s2.json,0.4996,1236,1238,1231650.55,996.48,3736.7,65.826
DRL-NFV,conus_urban_normal_s3.json,0.4381,1098,1408,1225358.32,1115.99,3793.69,74.107
DRL-NFV,nsf_centers_easy_s1.json,0.7542,1835,598,57170.45,31.16,3487.91,19.161
DRL-NFV,nsf_centers_easy_s2.json,0.515,1301,1225,35263.02,27.1,2876.5,22.101
DRL-NFV,nsf_centers_hard_s1.json,0.1371,335,2108,48990.02,146.24,1548.32,18.739
DRL-NFV,nsf_centers_hard_s2.json,0.0843,210,2281,22543.63,107.35,1311.24,19.656
DRL-NFV,nsf_centers_hard_s3.json,0.1113,272,2171,19629.03,72.17,1913.09,20.995
DRL-NFV,nsf_centers_normal_s1.json,0.4244,1022,1386,74341.49,72.74,1740.98,17.823
DRL-NFV,nsf_centers_normal_s2.json,0.2935,727,1750,38291.33,52.67,1367.7,19.463
DRL-NFV,nsf_centers_normal_s3.json,0.3284,846,1730,39317.16,46.47,2065.51,22.881
DRL-NFV,nsf_rural_easy_s1.json,0.8013,1912,474,221246.36,115.71,4088.75,20.562
DRL-NFV,nsf_rural_easy_s2.json,0.7794,1887,534,277561.77,147.09,4686.49,25.752
DRL-NFV,nsf_rural_hard_s1.json,0.123,306,2181,231424.63,756.29,1650.57,16.642
DRL-NFV,nsf_rural_hard_s2.json,0.1345,337,2169,182542.69,541.67,2126.3,20.285
DRL-NFV,nsf_rural_hard_s3.json,0.1041,256,2202,125653.64,490.83,1816.08,25.345
DRL-NFV,nsf_rural_normal_s1.json,0.5672,1414,1079,417735.65,295.43,2795.44,20.762
DRL-NFV,nsf_rural_normal_s2.json,0.498,1262,1272,383348.21,303.76,3088.11,24.054
DRL-NFV,nsf_rural_normal_s3.json,0.4737,1181,1312,337762.75,286.0,3144.2,27.457
DRL-NFV,nsf_uniform_easy_s1.json,0.747,1863,631,221858.36,119.09,3859.91,21.002
DRL-NFV,nsf_uniform_easy_s2.json,0.8481,2094,375,254619.02,121.59,5211.88,26.155
DRL-NFV,nsf_uniform_hard_s1.json,0.1425,357,2148,218814.61,612.93,1890.22,19.699
DRL-NFV,nsf_uniform_hard_s2.json,0.1265,310,2141,142807.28,460.67,2025.42,21.689
DRL-NFV,nsf_uniform_hard_s3.json,0.094,237,2285,94048.57,396.83,1638.57,24.28
DRL-NFV,nsf_uniform_normal_s1.json,0.4819,1201,1291,296863.2,247.18,2310.67,19.718
DRL-NFV,nsf_uniform_normal_s2.json,0.4208,1054,1451,185254.65,175.76,2301.57,22.997
DRL-NFV,nsf_uniform_normal_s3.json,0.4813,1172,1263,213398.38,182.08,3098.54,26.779
DRL-NFV,nsf_urban_easy_s1.json,0.842,2121,398,261216.42,123.16,4449.89,21.164
DRL-NFV,nsf_urban_easy_s2.json,0.79,2035,541,232690.65,114.34,5329.28,26.348
DRL-NFV,nsf_urban_hard_s1.json,0.1536,379,2088,235922.13,622.49,1914.23,17.944
DRL-NFV,nsf_urban_hard_s2.json,0.131,327,2170,146433.92,447.81,1998.44,22.347
DRL-NFV,nsf_urban_hard_s3.json,0.1216,321,2319,112887.55,351.67,2177.88,26.256
DRL-NFV,nsf_urban_normal_s1.json,0.6127,1530,967,360550.46,235.65,3020.86,20.7
DRL-NFV,nsf_urban_normal_s2.json,0.5166,1319,1234,334573.44,253.66,3135.7,24.115
DRL-NFV,nsf_urban_normal_s3.json,0.4975,1209,1221,229139.04,189.53,3183.95,27.024
