episode,hl_reward,ll_reward,vgae_loss,hl_loss,ll_loss,accepted,rejected,acceptance_ratio,avg_hops,avg_link_util,avg_cpu_util,total_revenue,total_deploy_cost,epsilon,w_accept,w_cost
1,-32.626,-43.3459,171225.28125,0.0,0.0,26,2576,0.01,2.0,-0.0,-0.0,1.0897,171492.6376,1.0,1.0,0.0
2,-10.0615,-36.0149,100858.664062,35.122256,50.296499,21,2581,0.0081,2.0,-0.0,-0.0,0.7965,146001.8011,1.0,0.1,0.9
3,-9.0173,-45.0438,61194.976562,15.905952,23.64622,27,2575,0.0104,2.0,-0.0,-0.0,0.9105,175691.2862,0.607,0.1,0.9
4,-21.0137,-28.1541,46871.445312,14.610857,22.334204,24,2578,0.0092,2.0,-0.0,0.0,0.7804,149980.2356,0.3684,0.6,0.4
5,-31.4275,-19.0645,17767.0625,15.310647,24.276093,23,2579,0.0088,2.0,-0.0,0.0,0.6485,123010.6684,0.2236,0.9,0.1
6,-24.8411,-16.8314,71162.40625,28.949294,27.487919,22,2580,0.0085,2.0,0.0,0.0,0.5224,105913.566,0.1357,0.7,0.3
7,-8.8331,-18.2974,830519.3125,18.261863,21.440046,26,2576,0.01,2.0,0.0,0.0,0.668,139469.9343,0.0824,0.2,0.8
8,-19.2726,-16.4836,79596.0,16.104009,17.287497,30,2572,0.0115,2.0,-0.0,0.0,0.5623,153483.7594,0.05,0.7,0.3
9,-4.6963,0.0,0.0,19.519407,18.359317,0,2602,0.0,0.0,0.0,0.0,0.0,0.0,0.05,0.1,0.9
10,-22.0966,-12.6014,17112.345703,20.560968,16.493306,26,2576,0.01,2.0,0.0,0.0,0.5156,144374.0233,0.05,0.7,0.3
